Experiment,Layers,Learning Rate,Batch Size,Accuracy
Exp1,16,0.001,32,0.9649122953414917
Exp2,32-16,0.001,32,0.9736841917037964
Exp3,64-32,0.01,64,0.9736841917037964
